INSERT INTO `privilegio`(`id`, `nombre`) VALUES (1, 'ESCRITURA');
INSERT INTO `privilegio`(`id`, `nombre`) VALUES (2, 'LECTURA');
INSERT INTO `role`(`id`, `nombre`, `descripcion`) VALUES (1, 'ROLE_USUARIO', 'Usuario');
INSERT INTO `role`(`id`, `nombre`, `descripcion`) VALUES (2, 'ROLE_ADMIN', 'Administrador Total');
INSERT INTO `role`(`id`, `nombre`, `descripcion`) VALUES (3, 'ROLE_TRANSPORTE_ADMIN', 'Administrador Transporte');
INSERT INTO `role`(`id`, `nombre`, `descripcion`) VALUES (4, 'ROLE_TRANSPORTE_USUARIO', 'Usuario Transporte');
INSERT INTO `role`(`id`, `nombre`, `descripcion`) VALUES (5, 'ROLE_ALMACEN_ADMIN', 'Administrador Almacen');
INSERT INTO `role`(`id`, `nombre`, `descripcion`) VALUES (6, 'ROLE_ALMACEN_USUARIO', 'Usuario Almacen');
INSERT INTO `role`(`id`, `nombre`, `descripcion`) VALUES (7, 'ROLE_CLIENTE', 'Administrador Cliente');
INSERT INTO `roles_privilegios`(`role_id`, `privilegio_id`) VALUES (1, 2);
INSERT INTO `roles_privilegios`(`role_id`, `privilegio_id`) VALUES (2, 1);
INSERT INTO `roles_privilegios`(`role_id`, `privilegio_id`) VALUES (2, 2);
INSERT INTO `roles_privilegios`(`role_id`, `privilegio_id`) VALUES (3, 1);
INSERT INTO `roles_privilegios`(`role_id`, `privilegio_id`) VALUES (3, 2);
INSERT INTO `roles_privilegios`(`role_id`, `privilegio_id`) VALUES (4, 2);
INSERT INTO `roles_privilegios`(`role_id`, `privilegio_id`) VALUES (5, 1);
INSERT INTO `roles_privilegios`(`role_id`, `privilegio_id`) VALUES (5, 2);
INSERT INTO `roles_privilegios`(`role_id`, `privilegio_id`) VALUES (6, 2);
INSERT INTO `roles_privilegios`(`role_id`, `privilegio_id`) VALUES (7, 1);
INSERT INTO `roles_privilegios`(`role_id`, `privilegio_id`) VALUES (7, 2);
INSERT INTO `compania`(`id`, `alias`, `direccion`, `fecha_hora_creacion_cia`, `fecha_hora_edicion_cia`, `localidad`, `razon_social`, `rfc`) VALUES(1, 'agri', 'gdl', '2020-06-01 23:38:41', '2020-06-01 23:38:41', 'gdl', 'Grupo Agricola S.A de C.V', NULL);
INSERT INTO `usuario`(`id`, `apellido`, `correo_electronico`, `fecha_hora_creacion`, `fecha_hora_edicion`, `fecha_hora_inicio_sesion`, `habilitado`, `movil`, `nombre`, `nombre_completo`, `password`, `tipo_usuario`, `token_expired`, `compania_id`)
VALUES(1, 'Ortiz', 'oscar.ortiz@summitagromexico.com.mx', '2020-06-01 23:38:41', '2020-06-01 23:38:41', '2020-06-01 23:38:41', b'1', '55555555555', 'Oscar', 'Oscar Ortiz', '$2a$11$kloUlB3LlQqaOwdtwFvK9e0RVlhq/Z9mP6cn3is0J/PkllghkN5Hq', 'Interno', b'0', 1);
INSERT INTO `verificacion_token`(`id`, `fecha_caducidad`, `token`, `verificado`, `usuario_id`) VALUES (1, '2020-06-01 23:38:41', '4b4b4b0c-f24f-44af-bd27-821771283f3a', b'0', 1);
INSERT INTO `usuarios_roles`(`usuario_id`, `role_id`) VALUES (1, 1);
INSERT INTO `usuarios_roles`(`usuario_id`, `role_id`) VALUES (1, 7);
INSERT INTO `usuarios_roles`(`usuario_id`, `role_id`) VALUES (1, 6);
INSERT INTO `usuarios_roles`(`usuario_id`, `role_id`) VALUES (1, 4);
INSERT INTO `usuarios_roles`(`usuario_id`, `role_id`) VALUES (1, 2);